{"cameraMode":{"drawMode":0,"name":"Shaded","section":"Shading Mode"},"sceneLighting":true,"audioPlay":false,"sceneViewState":{"m_AlwaysRefresh":false,"showFog":true,"showSkybox":true,"showFlares":true,"showImageEffects":true,"showParticleSystems":true,"showVisualEffectGraphs":true,"m_FxEnabled":true},"in2DMode":false,"pivot":{"x":0.08021128922700882,"y":0.20273172855377198,"z":0.09542390704154968},"rotation":{"x":0.1517697423696518,"y":-0.8382240533828735,"z":0.43415215611457827,"w":0.293021559715271},"size":0.19130194187164308,"orthographic":false}