{"cameraMode":{"drawMode":0,"name":"Shaded","section":"Shading Mode"},"sceneLighting":false,"audioPlay":false,"sceneViewState":{"m_AlwaysRefresh":false,"showFog":true,"showSkybox":false,"showFlares":true,"showImageEffects":true,"showParticleSystems":true,"showVisualEffectGraphs":true,"m_FxEnabled":true},"in2DMode":false,"pivot":{"x":0.0003450438380241394,"y":0.02865816466510296,"z":0.003029894083738327},"rotation":{"x":-0.021464312449097635,"y":0.9655445218086243,"z":-0.08451591432094574,"w":-0.2452060878276825},"size":0.10913986712694168,"orthographic":false}